TREATMENT,avg_endos,endo_error,avg_chl,chl_error,avg_biomass,biomass_error,avg_R,R_error,avg_NP,NP_error,avg_GP,GP_error,avg_NEC,NEC_error,avg_NEP,NEP_error
Algae_Dom,0.41780459469254105,0.03841434265929465,0.020034478996308853,0.0028262453125227315,189.26894584212337,15.887029824725166,0.03864199383058732,0.0014265564537067842,0.06492118533391628,0.005386297516349971,0.10672005394446885,0.004913149050498991,-0.3415541024356272,0.040770323147097096,1.1125044264516957,0.06034470752623867
Control,0.4740977900675512,0.033300697355057085,0.018881679897582274,0.0024866978765880165,120.22166445810562,7.465946177578618,0.03140522161963181,9.841143485911986e-4,0.05924768548998426,0.00506537758843682,0.08729088971990796,0.004293651940399623,-0.14861232020589388,0.013478052325620106,0.18329479240706542,0.03583782059336241
Coral_Dom,0.4761984025513706,0.03689881978279305,0.018539750724505494,0.001889322157536653,128.2016504039068,9.466256807146994,0.034144955826652675,0.0010210174328580542,0.06505942408185966,0.0039803186881202,0.09284956785666257,0.0042453176537356795,0.2424660231115013,0.04609534734639626,0.6330201852118567,0.06354523373025063
Rubble_Dom,0.45453372583583507,0.0318890965828488,0.027641561215022155,0.003126216051151803,158.75215323851947,11.177722709953143,0.03919007393193372,0.001192913813625019,0.06796615425084108,0.004300030043568629,0.10650243709344284,0.003646862783720785,0.5193913368859823,0.04012338893902434,1.309122123886658,0.053429671962436906
