colony_id,sample,diameter.mm,weight1.g,weight2.g,SA.cm2,wax_weight.g
1B,standard,72,139.186,143.372,40.71504079,4.186
2B,standard,61,98.854,102.811,29.22466566,3.957
3B,standard,48,46.356,48.76,18.09557368,2.404
4B,standard,30,12.302,13.274,7.068583471,0.972
5B,standard,23,7.03,7.737,4.154756284,0.707
6B,standard,17,2.746,3.138,2.269800692,0.392