TREATMENT,pH_rangemean,pH_rangese,pH_mean,pH_se
Algae_Dom,0.13053682381128068,0.008259905736351499,8.05150587384917,0.004100524634687421
Control,-0.001174484514133765,0.0020642482337124694,8.040175508304799,0.0016396684239052713
Coral_Dom,0.10678212749925613,0.006479628924085797,8.042599624527416,0.002659410931767071
Rubble_Dom,0.11813942317913141,0.006670944756418639,8.046965573342163,0.0029798484880777846
