TREATMENT,daily_max_pH,daily_min_pH
Algae_Dom,8.502124754309394,7.732497883667746
Control,8.105811728043252,7.967552303949935
Coral_Dom,8.391187372366902,7.799514557992445
Rubble_Dom,8.31943894736433,7.780460428775325
