TREATMENT,pH_day_mean,pH_day_se,pH_night_mean,pH_night_se
Algae_Dom,8.11677428575481,0.014080471678759242,7.98623746194353,0.00871393210896368
Control,8.039588266047732,0.004112390170836366,8.040762750561866,0.0036709798441559266
Coral_Dom,8.095990688277043,0.010284759313901019,7.9892085607777865,0.006037206725112501
Rubble_Dom,8.106035284931728,0.01167292849615412,7.987895861752597,0.0050682295039814335
